-- phpMyAdmin SQL Dump
-- version 5.2.1
-- https://www.phpmyadmin.net/
--
-- Host: 127.0.0.1
-- Generation Time: Jul 31, 2024 at 04:38 AM
-- Server version: 10.4.28-MariaDB
-- PHP Version: 8.2.4

SET SQL_MODE = "NO_AUTO_VALUE_ON_ZERO";
START TRANSACTION;
SET time_zone = "+00:00";


/*!40101 SET @OLD_CHARACTER_SET_CLIENT=@@CHARACTER_SET_CLIENT */;
/*!40101 SET @OLD_CHARACTER_SET_RESULTS=@@CHARACTER_SET_RESULTS */;
/*!40101 SET @OLD_COLLATION_CONNECTION=@@COLLATION_CONNECTION */;
/*!40101 SET NAMES utf8mb4 */;

--
-- Database: `liga_generator`
--

-- --------------------------------------------------------

--
-- Table structure for table `failed_jobs`
--

CREATE TABLE `failed_jobs` (
  `id` bigint(20) UNSIGNED NOT NULL,
  `uuid` varchar(255) NOT NULL,
  `connection` text NOT NULL,
  `queue` text NOT NULL,
  `payload` longtext NOT NULL,
  `exception` longtext NOT NULL,
  `failed_at` timestamp NOT NULL DEFAULT current_timestamp()
) ENGINE=InnoDB DEFAULT CHARSET=utf8mb4 COLLATE=utf8mb4_unicode_ci;

-- --------------------------------------------------------

--
-- Table structure for table `klasemen`
--

CREATE TABLE `klasemen` (
  `id` int(11) NOT NULL,
  `id_turnamenFK` int(11) DEFAULT NULL,
  `id_timFK` int(11) DEFAULT NULL,
  `main` int(11) DEFAULT 0,
  `menang` int(11) DEFAULT 0,
  `imbang` int(11) DEFAULT 0,
  `kalah` int(11) DEFAULT 0,
  `gol` int(11) DEFAULT 0,
  `kebobolan` int(11) DEFAULT 0,
  `selisih_gol` int(11) DEFAULT 0,
  `point` int(11) DEFAULT 0,
  `created_at` timestamp NULL DEFAULT NULL,
  `updated_at` timestamp NULL DEFAULT NULL
) ENGINE=InnoDB DEFAULT CHARSET=utf8mb4 COLLATE=utf8mb4_general_ci;

--
-- Dumping data for table `klasemen`
--

INSERT INTO `klasemen` (`id`, `id_turnamenFK`, `id_timFK`, `main`, `menang`, `imbang`, `kalah`, `gol`, `kebobolan`, `selisih_gol`, `point`, `created_at`, `updated_at`) VALUES
(82, 5, 24, 4, 1, 3, 0, 8, 7, 1, 6, '2024-04-26 18:43:23', '2024-04-30 20:09:45'),
(83, 5, 25, 4, 0, 3, 1, 7, 8, -1, 3, '2024-04-26 18:43:23', '2024-04-30 20:09:45'),
(84, 5, 26, 4, 0, 4, 0, 8, 8, 0, 4, '2024-04-26 18:43:23', '2024-04-29 11:27:19'),
(94, 9, 37, 0, 0, 0, 0, 0, 0, 0, 0, '2024-04-28 05:51:11', '2024-04-28 05:51:11'),
(95, 9, 38, 0, 0, 0, 0, 0, 0, 0, 0, '2024-04-28 05:51:11', '2024-04-28 05:51:11'),
(96, 9, 39, 0, 0, 0, 0, 0, 0, 0, 0, '2024-04-28 05:51:11', '2024-04-28 05:51:11'),
(97, 9, 40, 0, 0, 0, 0, 0, 0, 0, 0, '2024-04-28 05:51:11', '2024-04-28 05:51:11'),
(98, 9, 41, 0, 0, 0, 0, 0, 0, 0, 0, '2024-04-28 05:51:11', '2024-04-28 05:51:11'),
(99, 9, 42, 0, 0, 0, 0, 0, 0, 0, 0, '2024-04-28 05:51:11', '2024-04-28 05:51:11'),
(100, 9, 43, 0, 0, 0, 0, 0, 0, 0, 0, '2024-04-28 05:51:11', '2024-04-28 05:51:11'),
(101, 9, 44, 0, 0, 0, 0, 0, 0, 0, 0, '2024-04-28 05:51:11', '2024-04-28 05:51:11'),
(102, 9, 45, 0, 0, 0, 0, 0, 0, 0, 0, '2024-04-28 05:51:11', '2024-04-28 05:51:11'),
(103, 9, 46, 0, 0, 0, 0, 0, 0, 0, 0, '2024-04-28 05:51:11', '2024-04-28 05:51:11'),
(104, 9, 47, 0, 0, 0, 0, 0, 0, 0, 0, '2024-04-28 05:51:11', '2024-04-28 05:51:11'),
(105, 9, 48, 0, 0, 0, 0, 0, 0, 0, 0, '2024-04-28 05:51:11', '2024-04-28 05:51:11'),
(106, 9, 49, 0, 0, 0, 0, 0, 0, 0, 0, '2024-04-28 05:51:11', '2024-04-28 05:51:11'),
(107, 9, 50, 0, 0, 0, 0, 0, 0, 0, 0, '2024-04-28 05:51:11', '2024-04-28 05:51:11'),
(108, 9, 51, 0, 0, 0, 0, 0, 0, 0, 0, '2024-04-28 05:51:11', '2024-04-28 05:51:11'),
(109, 9, 52, 0, 0, 0, 0, 0, 0, 0, 0, '2024-04-28 05:51:11', '2024-04-28 05:51:11'),
(110, 9, 53, 0, 0, 0, 0, 0, 0, 0, 0, '2024-04-28 05:51:11', '2024-04-28 05:51:11'),
(111, 9, 54, 0, 0, 0, 0, 0, 0, 0, 0, '2024-04-28 05:51:11', '2024-04-28 05:51:11'),
(118, 10, 56, 4, 2, 2, 0, 8, 3, 5, 8, '2024-04-29 01:19:16', '2024-04-29 01:26:02'),
(119, 10, 57, 4, 1, 3, 0, 7, 5, 2, 6, '2024-04-29 01:19:16', '2024-04-29 11:28:41'),
(120, 10, 58, 4, 0, 1, 3, 2, 9, -7, 1, '2024-04-29 01:19:16', '2024-04-29 11:28:41'),
(121, 13, 72, 4, 3, 0, 1, 22, 4, 18, 9, '2024-05-01 01:12:31', '2024-05-02 01:40:56'),
(122, 13, 73, 4, 1, 0, 3, 3, 16, -13, 3, '2024-05-01 01:12:31', '2024-05-02 01:40:56'),
(123, 13, 74, 4, 2, 0, 2, 8, 13, -5, 6, '2024-05-01 01:12:31', '2024-05-02 01:40:47'),
(124, 15, 75, 0, 0, 0, 0, 0, 0, 0, 0, '2024-05-07 04:49:03', '2024-05-07 04:49:03'),
(125, 15, 76, 0, 0, 0, 0, 0, 0, 0, 0, '2024-05-07 04:49:03', '2024-05-07 04:49:03'),
(126, 15, 77, 0, 0, 0, 0, 0, 0, 0, 0, '2024-05-07 04:49:03', '2024-05-07 04:49:03');

-- --------------------------------------------------------

--
-- Table structure for table `migrations`
--

CREATE TABLE `migrations` (
  `id` int(10) UNSIGNED NOT NULL,
  `migration` varchar(255) NOT NULL,
  `batch` int(11) NOT NULL
) ENGINE=InnoDB DEFAULT CHARSET=utf8mb4 COLLATE=utf8mb4_unicode_ci;

--
-- Dumping data for table `migrations`
--

INSERT INTO `migrations` (`id`, `migration`, `batch`) VALUES
(1, '2014_10_12_000000_create_users_table', 1),
(2, '2014_10_12_100000_create_password_reset_tokens_table', 1),
(3, '2019_08_19_000000_create_failed_jobs_table', 1),
(4, '2019_12_14_000001_create_personal_access_tokens_table', 1),
(5, '2024_02_29_032328_create_schedules_table', 1);

-- --------------------------------------------------------

--
-- Table structure for table `password_reset_tokens`
--

CREATE TABLE `password_reset_tokens` (
  `email` varchar(255) NOT NULL,
  `token` varchar(255) NOT NULL,
  `created_at` timestamp NULL DEFAULT NULL
) ENGINE=InnoDB DEFAULT CHARSET=utf8mb4 COLLATE=utf8mb4_unicode_ci;

-- --------------------------------------------------------

--
-- Table structure for table `personal_access_tokens`
--

CREATE TABLE `personal_access_tokens` (
  `id` bigint(20) UNSIGNED NOT NULL,
  `tokenable_type` varchar(255) NOT NULL,
  `tokenable_id` bigint(20) UNSIGNED NOT NULL,
  `name` varchar(255) NOT NULL,
  `token` varchar(64) NOT NULL,
  `abilities` text DEFAULT NULL,
  `last_used_at` timestamp NULL DEFAULT NULL,
  `expires_at` timestamp NULL DEFAULT NULL,
  `created_at` timestamp NULL DEFAULT NULL,
  `updated_at` timestamp NULL DEFAULT NULL
) ENGINE=InnoDB DEFAULT CHARSET=utf8mb4 COLLATE=utf8mb4_unicode_ci;

-- --------------------------------------------------------

--
-- Table structure for table `schedules`
--

CREATE TABLE `schedules` (
  `id` bigint(20) UNSIGNED NOT NULL,
  `id_turnamenFK` int(11) DEFAULT NULL,
  `home_team` int(11) DEFAULT NULL,
  `away_team` int(11) DEFAULT NULL,
  `gol_home` int(11) DEFAULT NULL,
  `gol_away` int(11) DEFAULT NULL,
  `round_number` int(11) DEFAULT NULL,
  `main_home` int(11) DEFAULT 0,
  `menang_home` int(11) DEFAULT 0,
  `imbang_home` int(11) DEFAULT 0,
  `kalah_home` int(11) DEFAULT 0,
  `main_away` int(11) DEFAULT 0,
  `menang_away` int(11) DEFAULT 0,
  `imbang_away` int(11) DEFAULT 0,
  `kalah_away` int(11) DEFAULT 0,
  `match_date` datetime DEFAULT NULL,
  `created_at` timestamp NULL DEFAULT NULL,
  `updated_at` timestamp NULL DEFAULT NULL
) ENGINE=InnoDB DEFAULT CHARSET=utf8mb4 COLLATE=utf8mb4_unicode_ci;

--
-- Dumping data for table `schedules`
--

INSERT INTO `schedules` (`id`, `id_turnamenFK`, `home_team`, `away_team`, `gol_home`, `gol_away`, `round_number`, `main_home`, `menang_home`, `imbang_home`, `kalah_home`, `main_away`, `menang_away`, `imbang_away`, `kalah_away`, `match_date`, `created_at`, `updated_at`) VALUES
(325, 5, 25, 26, 2, 2, 1, 1, 0, 1, 0, 1, 0, 1, 0, NULL, '2024-04-26 18:43:23', '2024-04-29 11:27:19'),
(326, 5, 26, 24, 2, 2, 4, 1, 0, 1, 0, 1, 0, 1, 0, NULL, '2024-04-26 18:43:23', '2024-04-29 11:26:27'),
(327, 5, 24, 25, 2, 1, 2, 1, 1, 0, 0, 1, 0, 0, 1, NULL, '2024-04-26 18:43:23', '2024-04-30 20:09:45'),
(328, 5, 26, 25, 2, 2, 5, 1, 0, 1, 0, 1, 0, 1, 0, NULL, '2024-04-26 18:43:23', '2024-04-29 11:26:35'),
(329, 5, 24, 26, 2, 2, 3, 1, 0, 1, 0, 1, 0, 1, 0, NULL, '2024-04-26 18:43:23', '2024-04-29 11:26:41'),
(330, 5, 25, 24, 2, 2, 6, 1, 0, 1, 0, 1, 0, 1, 0, NULL, '2024-04-26 18:43:23', '2024-04-29 11:27:23'),
(3705, 10, 57, 58, 2, 2, 1, 1, 0, 1, 0, 1, 0, 1, 0, '2024-05-04 16:00:00', '2024-04-29 01:19:15', '2024-04-29 11:28:41'),
(3706, 10, 58, 56, 0, 2, 4, 1, 0, 0, 1, 1, 1, 0, 0, '2024-05-11 16:00:00', '2024-04-29 01:19:16', '2024-04-29 01:19:25'),
(3707, 10, 56, 57, 2, 2, 2, 1, 0, 1, 0, 1, 0, 1, 0, '2024-05-18 16:00:00', '2024-04-29 01:19:16', '2024-04-29 01:25:40'),
(3708, 10, 58, 57, 0, 2, 5, 1, 0, 0, 1, 1, 1, 0, 0, '2024-05-25 16:00:00', '2024-04-29 01:19:16', '2024-04-29 01:25:53'),
(3709, 10, 56, 58, 3, 0, 3, 1, 1, 0, 0, 1, 0, 0, 1, '2024-06-01 16:00:00', '2024-04-29 01:19:16', '2024-04-29 01:25:58'),
(3710, 10, 57, 56, 1, 1, 6, 1, 0, 1, 0, 1, 0, 1, 0, '2024-06-08 16:00:00', '2024-04-29 01:19:16', '2024-04-29 01:26:02'),
(3711, 13, 73, 74, 2, 0, 1, 1, 1, 0, 0, 1, 0, 0, 1, '2024-05-01 17:40:00', '2024-05-01 01:12:31', '2024-05-01 01:37:18'),
(3712, 13, 74, 72, 2, 1, 4, 1, 1, 0, 0, 1, 0, 0, 1, '2024-05-11 16:00:00', '2024-05-01 01:12:31', '2024-05-01 01:38:17'),
(3713, 13, 72, 73, 5, 0, 2, 1, 1, 0, 0, 1, 0, 0, 1, '2024-05-18 16:00:00', '2024-05-01 01:12:31', '2024-05-02 01:23:16'),
(3714, 13, 74, 73, 5, 0, 5, 1, 1, 0, 0, 1, 0, 0, 1, '2024-05-25 16:00:00', '2024-05-01 01:12:31', '2024-05-02 01:23:27'),
(3715, 13, 72, 74, 10, 1, 3, 1, 1, 0, 0, 1, 0, 0, 1, '2024-06-01 16:00:00', '2024-05-01 01:12:31', '2024-05-02 01:40:47'),
(3716, 13, 73, 72, 1, 6, 6, 1, 0, 0, 1, 1, 1, 0, 0, '2024-06-08 16:00:00', '2024-05-01 01:12:31', '2024-05-02 01:40:56'),
(4365, 9, 37, 54, NULL, NULL, 1, 0, 0, 0, 0, 0, 0, 0, 0, '2024-05-07 16:00:00', '2024-05-07 05:23:58', '2024-05-07 05:23:58'),
(4366, 9, 38, 53, NULL, NULL, 1, 0, 0, 0, 0, 0, 0, 0, 0, '2024-05-07 20:00:00', '2024-05-07 05:23:58', '2024-05-07 05:23:58'),
(4367, 9, 39, 52, NULL, NULL, 1, 0, 0, 0, 0, 0, 0, 0, 0, '2024-05-08 16:00:00', '2024-05-07 05:23:58', '2024-05-07 05:23:58'),
(4368, 9, 40, 51, NULL, NULL, 1, 0, 0, 0, 0, 0, 0, 0, 0, '2024-05-08 20:00:00', '2024-05-07 05:23:58', '2024-05-07 05:23:58'),
(4369, 9, 41, 50, NULL, NULL, 1, 0, 0, 0, 0, 0, 0, 0, 0, '2024-05-09 16:00:00', '2024-05-07 05:23:58', '2024-05-07 05:23:58'),
(4370, 9, 42, 49, NULL, NULL, 1, 0, 0, 0, 0, 0, 0, 0, 0, '2024-05-09 20:00:00', '2024-05-07 05:23:58', '2024-05-07 05:23:58'),
(4371, 9, 43, 48, NULL, NULL, 1, 0, 0, 0, 0, 0, 0, 0, 0, '2024-05-10 16:00:00', '2024-05-07 05:23:58', '2024-05-07 05:23:58'),
(4372, 9, 44, 47, NULL, NULL, 1, 0, 0, 0, 0, 0, 0, 0, 0, '2024-05-10 20:00:00', '2024-05-07 05:23:58', '2024-05-07 05:23:58'),
(4373, 9, 45, 46, NULL, NULL, 1, 0, 0, 0, 0, 0, 0, 0, 0, '2024-05-11 16:00:00', '2024-05-07 05:23:58', '2024-05-07 05:23:58'),
(4374, 9, 53, 37, NULL, NULL, 18, 0, 0, 0, 0, 0, 0, 0, 0, '2024-05-18 16:00:00', '2024-05-07 05:23:58', '2024-05-07 05:23:58'),
(4375, 9, 52, 54, NULL, NULL, 18, 0, 0, 0, 0, 0, 0, 0, 0, '2024-05-18 20:00:00', '2024-05-07 05:23:58', '2024-05-07 05:23:58'),
(4376, 9, 51, 38, NULL, NULL, 18, 0, 0, 0, 0, 0, 0, 0, 0, '2024-05-19 16:00:00', '2024-05-07 05:23:58', '2024-05-07 05:23:58'),
(4377, 9, 50, 39, NULL, NULL, 18, 0, 0, 0, 0, 0, 0, 0, 0, '2024-05-26 16:00:00', '2024-05-07 05:23:58', '2024-05-07 05:23:58'),
(4378, 9, 49, 40, NULL, NULL, 18, 0, 0, 0, 0, 0, 0, 0, 0, '2024-06-02 16:00:00', '2024-05-07 05:23:58', '2024-05-07 05:23:58'),
(4379, 9, 48, 41, NULL, NULL, 18, 0, 0, 0, 0, 0, 0, 0, 0, '2024-06-09 16:00:00', '2024-05-07 05:23:58', '2024-05-07 05:23:58'),
(4380, 9, 47, 42, NULL, NULL, 18, 0, 0, 0, 0, 0, 0, 0, 0, '2024-06-16 16:00:00', '2024-05-07 05:23:58', '2024-05-07 05:23:58'),
(4381, 9, 46, 43, NULL, NULL, 18, 0, 0, 0, 0, 0, 0, 0, 0, '2024-06-23 16:00:00', '2024-05-07 05:23:58', '2024-05-07 05:23:58'),
(4382, 9, 45, 44, NULL, NULL, 18, 0, 0, 0, 0, 0, 0, 0, 0, '2024-06-30 16:00:00', '2024-05-07 05:23:58', '2024-05-07 05:23:58'),
(4383, 9, 37, 52, NULL, NULL, 2, 0, 0, 0, 0, 0, 0, 0, 0, '2024-07-14 16:00:00', '2024-05-07 05:23:58', '2024-05-07 05:23:58'),
(4384, 9, 53, 51, NULL, NULL, 2, 0, 0, 0, 0, 0, 0, 0, 0, '2024-07-21 16:00:00', '2024-05-07 05:23:58', '2024-05-07 05:23:58'),
(4385, 9, 54, 50, NULL, NULL, 2, 0, 0, 0, 0, 0, 0, 0, 0, '2024-07-28 16:00:00', '2024-05-07 05:23:58', '2024-05-07 05:23:58'),
(4386, 9, 38, 49, NULL, NULL, 2, 0, 0, 0, 0, 0, 0, 0, 0, '2024-08-04 16:00:00', '2024-05-07 05:23:58', '2024-05-07 05:23:58'),
(4387, 9, 39, 48, NULL, NULL, 2, 0, 0, 0, 0, 0, 0, 0, 0, '2024-08-11 16:00:00', '2024-05-07 05:23:58', '2024-05-07 05:23:58'),
(4388, 9, 40, 47, NULL, NULL, 2, 0, 0, 0, 0, 0, 0, 0, 0, '2024-08-18 16:00:00', '2024-05-07 05:23:58', '2024-05-07 05:23:58'),
(4389, 9, 41, 46, NULL, NULL, 2, 0, 0, 0, 0, 0, 0, 0, 0, '2024-08-25 16:00:00', '2024-05-07 05:23:58', '2024-05-07 05:23:58'),
(4390, 9, 42, 45, NULL, NULL, 2, 0, 0, 0, 0, 0, 0, 0, 0, '2024-09-01 16:00:00', '2024-05-07 05:23:58', '2024-05-07 05:23:58'),
(4391, 9, 43, 44, NULL, NULL, 2, 0, 0, 0, 0, 0, 0, 0, 0, '2024-09-08 16:00:00', '2024-05-07 05:23:58', '2024-05-07 05:23:58'),
(4392, 9, 51, 37, NULL, NULL, 19, 0, 0, 0, 0, 0, 0, 0, 0, '2024-09-22 16:00:00', '2024-05-07 05:23:58', '2024-05-07 05:23:58'),
(4393, 9, 50, 52, NULL, NULL, 19, 0, 0, 0, 0, 0, 0, 0, 0, '2024-09-29 16:00:00', '2024-05-07 05:23:58', '2024-05-07 05:23:58'),
(4394, 9, 49, 53, NULL, NULL, 19, 0, 0, 0, 0, 0, 0, 0, 0, '2024-10-06 16:00:00', '2024-05-07 05:23:58', '2024-05-07 05:23:58'),
(4395, 9, 48, 54, NULL, NULL, 19, 0, 0, 0, 0, 0, 0, 0, 0, '2024-10-13 16:00:00', '2024-05-07 05:23:58', '2024-05-07 05:23:58'),
(4396, 9, 47, 38, NULL, NULL, 19, 0, 0, 0, 0, 0, 0, 0, 0, '2024-10-20 16:00:00', '2024-05-07 05:23:58', '2024-05-07 05:23:58'),
(4397, 9, 46, 39, NULL, NULL, 19, 0, 0, 0, 0, 0, 0, 0, 0, '2024-10-27 16:00:00', '2024-05-07 05:23:58', '2024-05-07 05:23:58'),
(4398, 9, 45, 40, NULL, NULL, 19, 0, 0, 0, 0, 0, 0, 0, 0, '2024-11-03 16:00:00', '2024-05-07 05:23:58', '2024-05-07 05:23:58'),
(4399, 9, 44, 41, NULL, NULL, 19, 0, 0, 0, 0, 0, 0, 0, 0, '2024-11-10 16:00:00', '2024-05-07 05:23:58', '2024-05-07 05:23:58'),
(4400, 9, 43, 42, NULL, NULL, 19, 0, 0, 0, 0, 0, 0, 0, 0, '2024-11-17 16:00:00', '2024-05-07 05:23:58', '2024-05-07 05:23:58'),
(4401, 9, 37, 50, NULL, NULL, 3, 0, 0, 0, 0, 0, 0, 0, 0, '2024-12-01 16:00:00', '2024-05-07 05:23:58', '2024-05-07 05:23:58'),
(4402, 9, 51, 49, NULL, NULL, 3, 0, 0, 0, 0, 0, 0, 0, 0, '2024-12-08 16:00:00', '2024-05-07 05:23:58', '2024-05-07 05:23:58'),
(4403, 9, 52, 48, NULL, NULL, 3, 0, 0, 0, 0, 0, 0, 0, 0, '2024-12-15 16:00:00', '2024-05-07 05:23:58', '2024-05-07 05:23:58'),
(4404, 9, 53, 47, NULL, NULL, 3, 0, 0, 0, 0, 0, 0, 0, 0, '2024-12-22 16:00:00', '2024-05-07 05:23:58', '2024-05-07 05:23:58'),
(4405, 9, 54, 46, NULL, NULL, 3, 0, 0, 0, 0, 0, 0, 0, 0, '2024-12-29 16:00:00', '2024-05-07 05:23:58', '2024-05-07 05:23:58'),
(4406, 9, 38, 45, NULL, NULL, 3, 0, 0, 0, 0, 0, 0, 0, 0, '2025-01-05 16:00:00', '2024-05-07 05:23:58', '2024-05-07 05:23:58'),
(4407, 9, 39, 44, NULL, NULL, 3, 0, 0, 0, 0, 0, 0, 0, 0, '2025-01-12 16:00:00', '2024-05-07 05:23:58', '2024-05-07 05:23:58'),
(4408, 9, 40, 43, NULL, NULL, 3, 0, 0, 0, 0, 0, 0, 0, 0, '2025-01-19 16:00:00', '2024-05-07 05:23:58', '2024-05-07 05:23:58'),
(4409, 9, 41, 42, NULL, NULL, 3, 0, 0, 0, 0, 0, 0, 0, 0, '2025-01-26 16:00:00', '2024-05-07 05:23:58', '2024-05-07 05:23:58'),
(4410, 9, 49, 37, NULL, NULL, 20, 0, 0, 0, 0, 0, 0, 0, 0, '2025-02-09 16:00:00', '2024-05-07 05:23:58', '2024-05-07 05:23:58'),
(4411, 9, 48, 50, NULL, NULL, 20, 0, 0, 0, 0, 0, 0, 0, 0, '2025-02-16 16:00:00', '2024-05-07 05:23:58', '2024-05-07 05:23:58'),
(4412, 9, 47, 51, NULL, NULL, 20, 0, 0, 0, 0, 0, 0, 0, 0, '2025-02-23 16:00:00', '2024-05-07 05:23:58', '2024-05-07 05:23:58'),
(4413, 9, 46, 52, NULL, NULL, 20, 0, 0, 0, 0, 0, 0, 0, 0, '2025-03-02 16:00:00', '2024-05-07 05:23:58', '2024-05-07 05:23:58'),
(4414, 9, 45, 53, NULL, NULL, 20, 0, 0, 0, 0, 0, 0, 0, 0, '2025-03-09 16:00:00', '2024-05-07 05:23:58', '2024-05-07 05:23:58'),
(4415, 9, 44, 54, NULL, NULL, 20, 0, 0, 0, 0, 0, 0, 0, 0, '2025-03-16 16:00:00', '2024-05-07 05:23:58', '2024-05-07 05:23:58'),
(4416, 9, 43, 38, NULL, NULL, 20, 0, 0, 0, 0, 0, 0, 0, 0, '2025-03-23 16:00:00', '2024-05-07 05:23:58', '2024-05-07 05:23:58'),
(4417, 9, 42, 39, NULL, NULL, 20, 0, 0, 0, 0, 0, 0, 0, 0, '2025-03-30 16:00:00', '2024-05-07 05:23:58', '2024-05-07 05:23:58'),
(4418, 9, 41, 40, NULL, NULL, 20, 0, 0, 0, 0, 0, 0, 0, 0, '2025-04-06 16:00:00', '2024-05-07 05:23:58', '2024-05-07 05:23:58'),
(4419, 9, 37, 48, NULL, NULL, 4, 0, 0, 0, 0, 0, 0, 0, 0, '2025-04-20 16:00:00', '2024-05-07 05:23:58', '2024-05-07 05:23:58'),
(4420, 9, 49, 47, NULL, NULL, 4, 0, 0, 0, 0, 0, 0, 0, 0, '2025-04-27 16:00:00', '2024-05-07 05:23:58', '2024-05-07 05:23:58'),
(4421, 9, 50, 46, NULL, NULL, 4, 0, 0, 0, 0, 0, 0, 0, 0, '2025-05-04 16:00:00', '2024-05-07 05:23:58', '2024-05-07 05:23:58'),
(4422, 9, 51, 45, NULL, NULL, 4, 0, 0, 0, 0, 0, 0, 0, 0, '2025-05-11 16:00:00', '2024-05-07 05:23:58', '2024-05-07 05:23:58'),
(4423, 9, 52, 44, NULL, NULL, 4, 0, 0, 0, 0, 0, 0, 0, 0, '2025-05-18 16:00:00', '2024-05-07 05:23:58', '2024-05-07 05:23:58'),
(4424, 9, 53, 43, NULL, NULL, 4, 0, 0, 0, 0, 0, 0, 0, 0, '2025-05-25 16:00:00', '2024-05-07 05:23:58', '2024-05-07 05:23:58'),
(4425, 9, 54, 42, NULL, NULL, 4, 0, 0, 0, 0, 0, 0, 0, 0, '2025-06-01 16:00:00', '2024-05-07 05:23:58', '2024-05-07 05:23:58'),
(4426, 9, 38, 41, NULL, NULL, 4, 0, 0, 0, 0, 0, 0, 0, 0, '2025-06-08 16:00:00', '2024-05-07 05:23:58', '2024-05-07 05:23:58'),
(4427, 9, 39, 40, NULL, NULL, 4, 0, 0, 0, 0, 0, 0, 0, 0, '2025-06-15 16:00:00', '2024-05-07 05:23:58', '2024-05-07 05:23:58'),
(4428, 9, 47, 37, NULL, NULL, 21, 0, 0, 0, 0, 0, 0, 0, 0, '2025-06-29 16:00:00', '2024-05-07 05:23:58', '2024-05-07 05:23:58'),
(4429, 9, 46, 48, NULL, NULL, 21, 0, 0, 0, 0, 0, 0, 0, 0, '2025-07-06 16:00:00', '2024-05-07 05:23:58', '2024-05-07 05:23:58'),
(4430, 9, 45, 49, NULL, NULL, 21, 0, 0, 0, 0, 0, 0, 0, 0, '2025-07-13 16:00:00', '2024-05-07 05:23:58', '2024-05-07 05:23:58'),
(4431, 9, 44, 50, NULL, NULL, 21, 0, 0, 0, 0, 0, 0, 0, 0, '2025-07-20 16:00:00', '2024-05-07 05:23:58', '2024-05-07 05:23:58'),
(4432, 9, 43, 51, NULL, NULL, 21, 0, 0, 0, 0, 0, 0, 0, 0, '2025-07-27 16:00:00', '2024-05-07 05:23:58', '2024-05-07 05:23:58'),
(4433, 9, 42, 52, NULL, NULL, 21, 0, 0, 0, 0, 0, 0, 0, 0, '2025-08-03 16:00:00', '2024-05-07 05:23:58', '2024-05-07 05:23:58'),
(4434, 9, 41, 53, NULL, NULL, 21, 0, 0, 0, 0, 0, 0, 0, 0, '2025-08-10 16:00:00', '2024-05-07 05:23:58', '2024-05-07 05:23:58'),
(4435, 9, 40, 54, NULL, NULL, 21, 0, 0, 0, 0, 0, 0, 0, 0, '2025-08-17 16:00:00', '2024-05-07 05:23:58', '2024-05-07 05:23:58'),
(4436, 9, 39, 38, NULL, NULL, 21, 0, 0, 0, 0, 0, 0, 0, 0, '2025-08-24 16:00:00', '2024-05-07 05:23:58', '2024-05-07 05:23:58'),
(4437, 9, 37, 46, NULL, NULL, 5, 0, 0, 0, 0, 0, 0, 0, 0, '2025-09-07 16:00:00', '2024-05-07 05:23:58', '2024-05-07 05:23:58'),
(4438, 9, 47, 45, NULL, NULL, 5, 0, 0, 0, 0, 0, 0, 0, 0, '2025-09-14 16:00:00', '2024-05-07 05:23:58', '2024-05-07 05:23:58'),
(4439, 9, 48, 44, NULL, NULL, 5, 0, 0, 0, 0, 0, 0, 0, 0, '2025-09-21 16:00:00', '2024-05-07 05:23:58', '2024-05-07 05:23:58'),
(4440, 9, 49, 43, NULL, NULL, 5, 0, 0, 0, 0, 0, 0, 0, 0, '2025-09-28 16:00:00', '2024-05-07 05:23:58', '2024-05-07 05:23:58'),
(4441, 9, 50, 42, NULL, NULL, 5, 0, 0, 0, 0, 0, 0, 0, 0, '2025-10-05 16:00:00', '2024-05-07 05:23:58', '2024-05-07 05:23:58'),
(4442, 9, 51, 41, NULL, NULL, 5, 0, 0, 0, 0, 0, 0, 0, 0, '2025-10-12 16:00:00', '2024-05-07 05:23:58', '2024-05-07 05:23:58'),
(4443, 9, 52, 40, NULL, NULL, 5, 0, 0, 0, 0, 0, 0, 0, 0, '2025-10-19 16:00:00', '2024-05-07 05:23:58', '2024-05-07 05:23:58'),
(4444, 9, 53, 39, NULL, NULL, 5, 0, 0, 0, 0, 0, 0, 0, 0, '2025-10-26 16:00:00', '2024-05-07 05:23:58', '2024-05-07 05:23:58'),
(4445, 9, 54, 38, NULL, NULL, 5, 0, 0, 0, 0, 0, 0, 0, 0, '2025-11-02 16:00:00', '2024-05-07 05:23:58', '2024-05-07 05:23:58'),
(4446, 9, 45, 37, NULL, NULL, 22, 0, 0, 0, 0, 0, 0, 0, 0, '2025-11-16 16:00:00', '2024-05-07 05:23:58', '2024-05-07 05:23:58'),
(4447, 9, 44, 46, NULL, NULL, 22, 0, 0, 0, 0, 0, 0, 0, 0, '2025-11-23 16:00:00', '2024-05-07 05:23:58', '2024-05-07 05:23:58'),
(4448, 9, 43, 47, NULL, NULL, 22, 0, 0, 0, 0, 0, 0, 0, 0, '2025-11-30 16:00:00', '2024-05-07 05:23:58', '2024-05-07 05:23:58'),
(4449, 9, 42, 48, NULL, NULL, 22, 0, 0, 0, 0, 0, 0, 0, 0, '2025-12-07 16:00:00', '2024-05-07 05:23:58', '2024-05-07 05:23:58'),
(4450, 9, 41, 49, NULL, NULL, 22, 0, 0, 0, 0, 0, 0, 0, 0, '2025-12-14 16:00:00', '2024-05-07 05:23:58', '2024-05-07 05:23:58'),
(4451, 9, 40, 50, NULL, NULL, 22, 0, 0, 0, 0, 0, 0, 0, 0, '2025-12-21 16:00:00', '2024-05-07 05:23:58', '2024-05-07 05:23:58'),
(4452, 9, 39, 51, NULL, NULL, 22, 0, 0, 0, 0, 0, 0, 0, 0, '2025-12-28 16:00:00', '2024-05-07 05:23:58', '2024-05-07 05:23:58'),
(4453, 9, 38, 52, NULL, NULL, 22, 0, 0, 0, 0, 0, 0, 0, 0, '2026-01-04 16:00:00', '2024-05-07 05:23:58', '2024-05-07 05:23:58'),
(4454, 9, 54, 53, NULL, NULL, 22, 0, 0, 0, 0, 0, 0, 0, 0, '2026-01-11 16:00:00', '2024-05-07 05:23:58', '2024-05-07 05:23:58'),
(4455, 9, 37, 44, NULL, NULL, 6, 0, 0, 0, 0, 0, 0, 0, 0, '2026-01-25 16:00:00', '2024-05-07 05:23:58', '2024-05-07 05:23:58'),
(4456, 9, 45, 43, NULL, NULL, 6, 0, 0, 0, 0, 0, 0, 0, 0, '2026-02-01 16:00:00', '2024-05-07 05:23:58', '2024-05-07 05:23:58'),
(4457, 9, 46, 42, NULL, NULL, 6, 0, 0, 0, 0, 0, 0, 0, 0, '2026-02-08 16:00:00', '2024-05-07 05:23:58', '2024-05-07 05:23:58'),
(4458, 9, 47, 41, NULL, NULL, 6, 0, 0, 0, 0, 0, 0, 0, 0, '2026-02-15 16:00:00', '2024-05-07 05:23:58', '2024-05-07 05:23:58'),
(4459, 9, 48, 40, NULL, NULL, 6, 0, 0, 0, 0, 0, 0, 0, 0, '2026-02-22 16:00:00', '2024-05-07 05:23:58', '2024-05-07 05:23:58'),
(4460, 9, 49, 39, NULL, NULL, 6, 0, 0, 0, 0, 0, 0, 0, 0, '2026-03-01 16:00:00', '2024-05-07 05:23:58', '2024-05-07 05:23:58'),
(4461, 9, 50, 38, NULL, NULL, 6, 0, 0, 0, 0, 0, 0, 0, 0, '2026-03-08 16:00:00', '2024-05-07 05:23:58', '2024-05-07 05:23:58'),
(4462, 9, 51, 54, NULL, NULL, 6, 0, 0, 0, 0, 0, 0, 0, 0, '2026-03-15 16:00:00', '2024-05-07 05:23:58', '2024-05-07 05:23:58'),
(4463, 9, 52, 53, NULL, NULL, 6, 0, 0, 0, 0, 0, 0, 0, 0, '2026-03-22 16:00:00', '2024-05-07 05:23:58', '2024-05-07 05:23:58'),
(4464, 9, 43, 37, NULL, NULL, 23, 0, 0, 0, 0, 0, 0, 0, 0, '2026-04-05 16:00:00', '2024-05-07 05:23:58', '2024-05-07 05:23:58'),
(4465, 9, 42, 44, NULL, NULL, 23, 0, 0, 0, 0, 0, 0, 0, 0, '2026-04-12 16:00:00', '2024-05-07 05:23:58', '2024-05-07 05:23:58'),
(4466, 9, 41, 45, NULL, NULL, 23, 0, 0, 0, 0, 0, 0, 0, 0, '2026-04-19 16:00:00', '2024-05-07 05:23:58', '2024-05-07 05:23:58'),
(4467, 9, 40, 46, NULL, NULL, 23, 0, 0, 0, 0, 0, 0, 0, 0, '2026-04-26 16:00:00', '2024-05-07 05:23:58', '2024-05-07 05:23:58'),
(4468, 9, 39, 47, NULL, NULL, 23, 0, 0, 0, 0, 0, 0, 0, 0, '2026-05-03 16:00:00', '2024-05-07 05:23:58', '2024-05-07 05:23:58'),
(4469, 9, 38, 48, NULL, NULL, 23, 0, 0, 0, 0, 0, 0, 0, 0, '2026-05-10 16:00:00', '2024-05-07 05:23:58', '2024-05-07 05:23:58'),
(4470, 9, 54, 49, NULL, NULL, 23, 0, 0, 0, 0, 0, 0, 0, 0, '2026-05-17 16:00:00', '2024-05-07 05:23:58', '2024-05-07 05:23:58'),
(4471, 9, 53, 50, NULL, NULL, 23, 0, 0, 0, 0, 0, 0, 0, 0, '2026-05-24 16:00:00', '2024-05-07 05:23:58', '2024-05-07 05:23:58'),
(4472, 9, 52, 51, NULL, NULL, 23, 0, 0, 0, 0, 0, 0, 0, 0, '2026-05-31 16:00:00', '2024-05-07 05:23:58', '2024-05-07 05:23:58'),
(4473, 9, 37, 42, NULL, NULL, 7, 0, 0, 0, 0, 0, 0, 0, 0, '2026-06-14 16:00:00', '2024-05-07 05:23:58', '2024-05-07 05:23:58'),
(4474, 9, 43, 41, NULL, NULL, 7, 0, 0, 0, 0, 0, 0, 0, 0, '2026-06-21 16:00:00', '2024-05-07 05:23:58', '2024-05-07 05:23:58'),
(4475, 9, 44, 40, NULL, NULL, 7, 0, 0, 0, 0, 0, 0, 0, 0, '2026-06-28 16:00:00', '2024-05-07 05:23:58', '2024-05-07 05:23:58'),
(4476, 9, 45, 39, NULL, NULL, 7, 0, 0, 0, 0, 0, 0, 0, 0, '2026-07-05 16:00:00', '2024-05-07 05:23:58', '2024-05-07 05:23:58'),
(4477, 9, 46, 38, NULL, NULL, 7, 0, 0, 0, 0, 0, 0, 0, 0, '2026-07-12 16:00:00', '2024-05-07 05:23:58', '2024-05-07 05:23:58'),
(4478, 9, 47, 54, NULL, NULL, 7, 0, 0, 0, 0, 0, 0, 0, 0, '2026-07-19 16:00:00', '2024-05-07 05:23:58', '2024-05-07 05:23:58'),
(4479, 9, 48, 53, NULL, NULL, 7, 0, 0, 0, 0, 0, 0, 0, 0, '2026-07-26 16:00:00', '2024-05-07 05:23:58', '2024-05-07 05:23:58'),
(4480, 9, 49, 52, NULL, NULL, 7, 0, 0, 0, 0, 0, 0, 0, 0, '2026-08-02 16:00:00', '2024-05-07 05:23:58', '2024-05-07 05:23:58'),
(4481, 9, 50, 51, NULL, NULL, 7, 0, 0, 0, 0, 0, 0, 0, 0, '2026-08-09 16:00:00', '2024-05-07 05:23:58', '2024-05-07 05:23:58'),
(4482, 9, 41, 37, NULL, NULL, 24, 0, 0, 0, 0, 0, 0, 0, 0, '2026-08-23 16:00:00', '2024-05-07 05:23:58', '2024-05-07 05:23:58'),
(4483, 9, 40, 42, NULL, NULL, 24, 0, 0, 0, 0, 0, 0, 0, 0, '2026-08-30 16:00:00', '2024-05-07 05:23:58', '2024-05-07 05:23:58'),
(4484, 9, 39, 43, NULL, NULL, 24, 0, 0, 0, 0, 0, 0, 0, 0, '2026-09-06 16:00:00', '2024-05-07 05:23:58', '2024-05-07 05:23:58'),
(4485, 9, 38, 44, NULL, NULL, 24, 0, 0, 0, 0, 0, 0, 0, 0, '2026-09-13 16:00:00', '2024-05-07 05:23:58', '2024-05-07 05:23:58'),
(4486, 9, 54, 45, NULL, NULL, 24, 0, 0, 0, 0, 0, 0, 0, 0, '2026-09-20 16:00:00', '2024-05-07 05:23:58', '2024-05-07 05:23:58'),
(4487, 9, 53, 46, NULL, NULL, 24, 0, 0, 0, 0, 0, 0, 0, 0, '2026-09-27 16:00:00', '2024-05-07 05:23:58', '2024-05-07 05:23:58'),
(4488, 9, 52, 47, NULL, NULL, 24, 0, 0, 0, 0, 0, 0, 0, 0, '2026-10-04 16:00:00', '2024-05-07 05:23:58', '2024-05-07 05:23:58'),
(4489, 9, 51, 48, NULL, NULL, 24, 0, 0, 0, 0, 0, 0, 0, 0, '2026-10-11 16:00:00', '2024-05-07 05:23:58', '2024-05-07 05:23:58'),
(4490, 9, 50, 49, NULL, NULL, 24, 0, 0, 0, 0, 0, 0, 0, 0, '2026-10-18 16:00:00', '2024-05-07 05:23:58', '2024-05-07 05:23:58'),
(4491, 9, 37, 40, NULL, NULL, 8, 0, 0, 0, 0, 0, 0, 0, 0, '2026-11-01 16:00:00', '2024-05-07 05:23:58', '2024-05-07 05:23:58'),
(4492, 9, 41, 39, NULL, NULL, 8, 0, 0, 0, 0, 0, 0, 0, 0, '2026-11-08 16:00:00', '2024-05-07 05:23:58', '2024-05-07 05:23:58'),
(4493, 9, 42, 38, NULL, NULL, 8, 0, 0, 0, 0, 0, 0, 0, 0, '2026-11-15 16:00:00', '2024-05-07 05:23:58', '2024-05-07 05:23:58'),
(4494, 9, 43, 54, NULL, NULL, 8, 0, 0, 0, 0, 0, 0, 0, 0, '2026-11-22 16:00:00', '2024-05-07 05:23:58', '2024-05-07 05:23:58'),
(4495, 9, 44, 53, NULL, NULL, 8, 0, 0, 0, 0, 0, 0, 0, 0, '2026-11-29 16:00:00', '2024-05-07 05:23:58', '2024-05-07 05:23:58'),
(4496, 9, 45, 52, NULL, NULL, 8, 0, 0, 0, 0, 0, 0, 0, 0, '2026-12-06 16:00:00', '2024-05-07 05:23:58', '2024-05-07 05:23:58'),
(4497, 9, 46, 51, NULL, NULL, 8, 0, 0, 0, 0, 0, 0, 0, 0, '2026-12-13 16:00:00', '2024-05-07 05:23:58', '2024-05-07 05:23:58'),
(4498, 9, 47, 50, NULL, NULL, 8, 0, 0, 0, 0, 0, 0, 0, 0, '2026-12-20 16:00:00', '2024-05-07 05:23:58', '2024-05-07 05:23:58'),
(4499, 9, 48, 49, NULL, NULL, 8, 0, 0, 0, 0, 0, 0, 0, 0, '2026-12-27 16:00:00', '2024-05-07 05:23:58', '2024-05-07 05:23:58'),
(4500, 9, 39, 37, NULL, NULL, 25, 0, 0, 0, 0, 0, 0, 0, 0, '2027-01-10 16:00:00', '2024-05-07 05:23:58', '2024-05-07 05:23:58'),
(4501, 9, 38, 40, NULL, NULL, 25, 0, 0, 0, 0, 0, 0, 0, 0, '2027-01-17 16:00:00', '2024-05-07 05:23:58', '2024-05-07 05:23:58'),
(4502, 9, 54, 41, NULL, NULL, 25, 0, 0, 0, 0, 0, 0, 0, 0, '2027-01-24 16:00:00', '2024-05-07 05:23:58', '2024-05-07 05:23:58'),
(4503, 9, 53, 42, NULL, NULL, 25, 0, 0, 0, 0, 0, 0, 0, 0, '2027-01-31 16:00:00', '2024-05-07 05:23:58', '2024-05-07 05:23:58'),
(4504, 9, 52, 43, NULL, NULL, 25, 0, 0, 0, 0, 0, 0, 0, 0, '2027-02-07 16:00:00', '2024-05-07 05:23:58', '2024-05-07 05:23:58'),
(4505, 9, 51, 44, NULL, NULL, 25, 0, 0, 0, 0, 0, 0, 0, 0, '2027-02-14 16:00:00', '2024-05-07 05:23:58', '2024-05-07 05:23:58'),
(4506, 9, 50, 45, NULL, NULL, 25, 0, 0, 0, 0, 0, 0, 0, 0, '2027-02-21 16:00:00', '2024-05-07 05:23:58', '2024-05-07 05:23:58'),
(4507, 9, 49, 46, NULL, NULL, 25, 0, 0, 0, 0, 0, 0, 0, 0, '2027-02-28 16:00:00', '2024-05-07 05:23:58', '2024-05-07 05:23:58'),
(4508, 9, 48, 47, NULL, NULL, 25, 0, 0, 0, 0, 0, 0, 0, 0, '2027-03-07 16:00:00', '2024-05-07 05:23:58', '2024-05-07 05:23:58'),
(4509, 9, 37, 38, NULL, NULL, 9, 0, 0, 0, 0, 0, 0, 0, 0, '2027-03-21 16:00:00', '2024-05-07 05:23:58', '2024-05-07 05:23:58'),
(4510, 9, 39, 54, NULL, NULL, 9, 0, 0, 0, 0, 0, 0, 0, 0, '2027-03-28 16:00:00', '2024-05-07 05:23:58', '2024-05-07 05:23:58'),
(4511, 9, 40, 53, NULL, NULL, 9, 0, 0, 0, 0, 0, 0, 0, 0, '2027-04-04 16:00:00', '2024-05-07 05:23:58', '2024-05-07 05:23:58'),
(4512, 9, 41, 52, NULL, NULL, 9, 0, 0, 0, 0, 0, 0, 0, 0, '2027-04-11 16:00:00', '2024-05-07 05:23:58', '2024-05-07 05:23:58'),
(4513, 9, 42, 51, NULL, NULL, 9, 0, 0, 0, 0, 0, 0, 0, 0, '2027-04-18 16:00:00', '2024-05-07 05:23:58', '2024-05-07 05:23:58'),
(4514, 9, 43, 50, NULL, NULL, 9, 0, 0, 0, 0, 0, 0, 0, 0, '2027-04-25 16:00:00', '2024-05-07 05:23:58', '2024-05-07 05:23:58'),
(4515, 9, 44, 49, NULL, NULL, 9, 0, 0, 0, 0, 0, 0, 0, 0, '2027-05-02 16:00:00', '2024-05-07 05:23:58', '2024-05-07 05:23:58'),
(4516, 9, 45, 48, NULL, NULL, 9, 0, 0, 0, 0, 0, 0, 0, 0, '2027-05-09 16:00:00', '2024-05-07 05:23:58', '2024-05-07 05:23:58'),
(4517, 9, 46, 47, NULL, NULL, 9, 0, 0, 0, 0, 0, 0, 0, 0, '2027-05-16 16:00:00', '2024-05-07 05:23:58', '2024-05-07 05:23:58'),
(4518, 9, 54, 37, NULL, NULL, 26, 0, 0, 0, 0, 0, 0, 0, 0, '2027-05-30 16:00:00', '2024-05-07 05:23:58', '2024-05-07 05:23:58'),
(4519, 9, 53, 38, NULL, NULL, 26, 0, 0, 0, 0, 0, 0, 0, 0, '2027-06-06 16:00:00', '2024-05-07 05:23:58', '2024-05-07 05:23:58'),
(4520, 9, 52, 39, NULL, NULL, 26, 0, 0, 0, 0, 0, 0, 0, 0, '2027-06-13 16:00:00', '2024-05-07 05:23:58', '2024-05-07 05:23:58'),
(4521, 9, 51, 40, NULL, NULL, 26, 0, 0, 0, 0, 0, 0, 0, 0, '2027-06-20 16:00:00', '2024-05-07 05:23:58', '2024-05-07 05:23:58'),
(4522, 9, 50, 41, NULL, NULL, 26, 0, 0, 0, 0, 0, 0, 0, 0, '2027-06-27 16:00:00', '2024-05-07 05:23:58', '2024-05-07 05:23:58'),
(4523, 9, 49, 42, NULL, NULL, 26, 0, 0, 0, 0, 0, 0, 0, 0, '2027-07-04 16:00:00', '2024-05-07 05:23:58', '2024-05-07 05:23:58'),
(4524, 9, 48, 43, NULL, NULL, 26, 0, 0, 0, 0, 0, 0, 0, 0, '2027-07-11 16:00:00', '2024-05-07 05:23:58', '2024-05-07 05:23:58'),
(4525, 9, 47, 44, NULL, NULL, 26, 0, 0, 0, 0, 0, 0, 0, 0, '2027-07-18 16:00:00', '2024-05-07 05:23:58', '2024-05-07 05:23:58'),
(4526, 9, 46, 45, NULL, NULL, 26, 0, 0, 0, 0, 0, 0, 0, 0, '2027-07-25 16:00:00', '2024-05-07 05:23:58', '2024-05-07 05:23:58'),
(4527, 9, 37, 53, NULL, NULL, 10, 0, 0, 0, 0, 0, 0, 0, 0, '2027-08-08 16:00:00', '2024-05-07 05:23:58', '2024-05-07 05:23:58'),
(4528, 9, 54, 52, NULL, NULL, 10, 0, 0, 0, 0, 0, 0, 0, 0, '2027-08-15 16:00:00', '2024-05-07 05:23:58', '2024-05-07 05:23:58'),
(4529, 9, 38, 51, NULL, NULL, 10, 0, 0, 0, 0, 0, 0, 0, 0, '2027-08-22 16:00:00', '2024-05-07 05:23:58', '2024-05-07 05:23:58'),
(4530, 9, 39, 50, NULL, NULL, 10, 0, 0, 0, 0, 0, 0, 0, 0, '2027-08-29 16:00:00', '2024-05-07 05:23:58', '2024-05-07 05:23:58'),
(4531, 9, 40, 49, NULL, NULL, 10, 0, 0, 0, 0, 0, 0, 0, 0, '2027-09-05 16:00:00', '2024-05-07 05:23:58', '2024-05-07 05:23:58'),
(4532, 9, 41, 48, NULL, NULL, 10, 0, 0, 0, 0, 0, 0, 0, 0, '2027-09-12 16:00:00', '2024-05-07 05:23:58', '2024-05-07 05:23:58'),
(4533, 9, 42, 47, NULL, NULL, 10, 0, 0, 0, 0, 0, 0, 0, 0, '2027-09-19 16:00:00', '2024-05-07 05:23:58', '2024-05-07 05:23:58'),
(4534, 9, 43, 46, NULL, NULL, 10, 0, 0, 0, 0, 0, 0, 0, 0, '2027-09-26 16:00:00', '2024-05-07 05:23:58', '2024-05-07 05:23:58'),
(4535, 9, 44, 45, NULL, NULL, 10, 0, 0, 0, 0, 0, 0, 0, 0, '2027-10-03 16:00:00', '2024-05-07 05:23:58', '2024-05-07 05:23:58'),
(4536, 9, 52, 37, NULL, NULL, 27, 0, 0, 0, 0, 0, 0, 0, 0, '2027-10-17 16:00:00', '2024-05-07 05:23:58', '2024-05-07 05:23:58'),
(4537, 9, 51, 53, NULL, NULL, 27, 0, 0, 0, 0, 0, 0, 0, 0, '2027-10-24 16:00:00', '2024-05-07 05:23:58', '2024-05-07 05:23:58'),
(4538, 9, 50, 54, NULL, NULL, 27, 0, 0, 0, 0, 0, 0, 0, 0, '2027-10-31 16:00:00', '2024-05-07 05:23:58', '2024-05-07 05:23:58'),
(4539, 9, 49, 38, NULL, NULL, 27, 0, 0, 0, 0, 0, 0, 0, 0, '2027-11-07 16:00:00', '2024-05-07 05:23:58', '2024-05-07 05:23:58'),
(4540, 9, 48, 39, NULL, NULL, 27, 0, 0, 0, 0, 0, 0, 0, 0, '2027-11-14 16:00:00', '2024-05-07 05:23:58', '2024-05-07 05:23:58'),
(4541, 9, 47, 40, NULL, NULL, 27, 0, 0, 0, 0, 0, 0, 0, 0, '2027-11-21 16:00:00', '2024-05-07 05:23:58', '2024-05-07 05:23:58'),
(4542, 9, 46, 41, NULL, NULL, 27, 0, 0, 0, 0, 0, 0, 0, 0, '2027-11-28 16:00:00', '2024-05-07 05:23:58', '2024-05-07 05:23:58'),
(4543, 9, 45, 42, NULL, NULL, 27, 0, 0, 0, 0, 0, 0, 0, 0, '2027-12-05 16:00:00', '2024-05-07 05:23:58', '2024-05-07 05:23:58'),
(4544, 9, 44, 43, NULL, NULL, 27, 0, 0, 0, 0, 0, 0, 0, 0, '2027-12-12 16:00:00', '2024-05-07 05:23:58', '2024-05-07 05:23:58'),
(4545, 9, 37, 51, NULL, NULL, 11, 0, 0, 0, 0, 0, 0, 0, 0, '2027-12-26 16:00:00', '2024-05-07 05:23:58', '2024-05-07 05:23:58'),
(4546, 9, 52, 50, NULL, NULL, 11, 0, 0, 0, 0, 0, 0, 0, 0, '2028-01-02 16:00:00', '2024-05-07 05:23:58', '2024-05-07 05:23:58'),
(4547, 9, 53, 49, NULL, NULL, 11, 0, 0, 0, 0, 0, 0, 0, 0, '2028-01-09 16:00:00', '2024-05-07 05:23:58', '2024-05-07 05:23:58'),
(4548, 9, 54, 48, NULL, NULL, 11, 0, 0, 0, 0, 0, 0, 0, 0, '2028-01-16 16:00:00', '2024-05-07 05:23:58', '2024-05-07 05:23:58'),
(4549, 9, 38, 47, NULL, NULL, 11, 0, 0, 0, 0, 0, 0, 0, 0, '2028-01-23 16:00:00', '2024-05-07 05:23:58', '2024-05-07 05:23:58'),
(4550, 9, 39, 46, NULL, NULL, 11, 0, 0, 0, 0, 0, 0, 0, 0, '2028-01-30 16:00:00', '2024-05-07 05:23:58', '2024-05-07 05:23:58'),
(4551, 9, 40, 45, NULL, NULL, 11, 0, 0, 0, 0, 0, 0, 0, 0, '2028-02-06 16:00:00', '2024-05-07 05:23:58', '2024-05-07 05:23:58'),
(4552, 9, 41, 44, NULL, NULL, 11, 0, 0, 0, 0, 0, 0, 0, 0, '2028-02-13 16:00:00', '2024-05-07 05:23:58', '2024-05-07 05:23:58'),
(4553, 9, 42, 43, NULL, NULL, 11, 0, 0, 0, 0, 0, 0, 0, 0, '2028-02-20 16:00:00', '2024-05-07 05:23:58', '2024-05-07 05:23:58'),
(4554, 9, 50, 37, NULL, NULL, 28, 0, 0, 0, 0, 0, 0, 0, 0, '2028-03-05 16:00:00', '2024-05-07 05:23:58', '2024-05-07 05:23:58'),
(4555, 9, 49, 51, NULL, NULL, 28, 0, 0, 0, 0, 0, 0, 0, 0, '2028-03-12 16:00:00', '2024-05-07 05:23:58', '2024-05-07 05:23:58'),
(4556, 9, 48, 52, NULL, NULL, 28, 0, 0, 0, 0, 0, 0, 0, 0, '2028-03-19 16:00:00', '2024-05-07 05:23:58', '2024-05-07 05:23:58'),
(4557, 9, 47, 53, NULL, NULL, 28, 0, 0, 0, 0, 0, 0, 0, 0, '2028-03-26 16:00:00', '2024-05-07 05:23:58', '2024-05-07 05:23:58'),
(4558, 9, 46, 54, NULL, NULL, 28, 0, 0, 0, 0, 0, 0, 0, 0, '2028-04-02 16:00:00', '2024-05-07 05:23:58', '2024-05-07 05:23:58'),
(4559, 9, 45, 38, NULL, NULL, 28, 0, 0, 0, 0, 0, 0, 0, 0, '2028-04-09 16:00:00', '2024-05-07 05:23:58', '2024-05-07 05:23:58'),
(4560, 9, 44, 39, NULL, NULL, 28, 0, 0, 0, 0, 0, 0, 0, 0, '2028-04-16 16:00:00', '2024-05-07 05:23:58', '2024-05-07 05:23:58'),
(4561, 9, 43, 40, NULL, NULL, 28, 0, 0, 0, 0, 0, 0, 0, 0, '2028-04-23 16:00:00', '2024-05-07 05:23:58', '2024-05-07 05:23:58'),
(4562, 9, 42, 41, NULL, NULL, 28, 0, 0, 0, 0, 0, 0, 0, 0, '2028-04-30 16:00:00', '2024-05-07 05:23:58', '2024-05-07 05:23:58'),
(4563, 9, 37, 49, NULL, NULL, 12, 0, 0, 0, 0, 0, 0, 0, 0, '2028-05-14 16:00:00', '2024-05-07 05:23:58', '2024-05-07 05:23:58'),
(4564, 9, 50, 48, NULL, NULL, 12, 0, 0, 0, 0, 0, 0, 0, 0, '2028-05-21 16:00:00', '2024-05-07 05:23:58', '2024-05-07 05:23:58'),
(4565, 9, 51, 47, NULL, NULL, 12, 0, 0, 0, 0, 0, 0, 0, 0, '2028-05-28 16:00:00', '2024-05-07 05:23:58', '2024-05-07 05:23:58'),
(4566, 9, 52, 46, NULL, NULL, 12, 0, 0, 0, 0, 0, 0, 0, 0, '2028-06-04 16:00:00', '2024-05-07 05:23:58', '2024-05-07 05:23:58'),
(4567, 9, 53, 45, NULL, NULL, 12, 0, 0, 0, 0, 0, 0, 0, 0, '2028-06-11 16:00:00', '2024-05-07 05:23:58', '2024-05-07 05:23:58'),
(4568, 9, 54, 44, NULL, NULL, 12, 0, 0, 0, 0, 0, 0, 0, 0, '2028-06-18 16:00:00', '2024-05-07 05:23:58', '2024-05-07 05:23:58'),
(4569, 9, 38, 43, NULL, NULL, 12, 0, 0, 0, 0, 0, 0, 0, 0, '2028-06-25 16:00:00', '2024-05-07 05:23:58', '2024-05-07 05:23:58'),
(4570, 9, 39, 42, NULL, NULL, 12, 0, 0, 0, 0, 0, 0, 0, 0, '2028-07-02 16:00:00', '2024-05-07 05:23:58', '2024-05-07 05:23:58'),
(4571, 9, 40, 41, NULL, NULL, 12, 0, 0, 0, 0, 0, 0, 0, 0, '2028-07-09 16:00:00', '2024-05-07 05:23:58', '2024-05-07 05:23:58'),
(4572, 9, 48, 37, NULL, NULL, 29, 0, 0, 0, 0, 0, 0, 0, 0, '2028-07-23 16:00:00', '2024-05-07 05:23:58', '2024-05-07 05:23:58'),
(4573, 9, 47, 49, NULL, NULL, 29, 0, 0, 0, 0, 0, 0, 0, 0, '2028-07-30 16:00:00', '2024-05-07 05:23:58', '2024-05-07 05:23:58'),
(4574, 9, 46, 50, NULL, NULL, 29, 0, 0, 0, 0, 0, 0, 0, 0, '2028-08-06 16:00:00', '2024-05-07 05:23:58', '2024-05-07 05:23:58'),
(4575, 9, 45, 51, NULL, NULL, 29, 0, 0, 0, 0, 0, 0, 0, 0, '2028-08-13 16:00:00', '2024-05-07 05:23:58', '2024-05-07 05:23:58'),
(4576, 9, 44, 52, NULL, NULL, 29, 0, 0, 0, 0, 0, 0, 0, 0, '2028-08-20 16:00:00', '2024-05-07 05:23:58', '2024-05-07 05:23:58'),
(4577, 9, 43, 53, NULL, NULL, 29, 0, 0, 0, 0, 0, 0, 0, 0, '2028-08-27 16:00:00', '2024-05-07 05:23:58', '2024-05-07 05:23:58'),
(4578, 9, 42, 54, NULL, NULL, 29, 0, 0, 0, 0, 0, 0, 0, 0, '2028-09-03 16:00:00', '2024-05-07 05:23:58', '2024-05-07 05:23:58'),
(4579, 9, 41, 38, NULL, NULL, 29, 0, 0, 0, 0, 0, 0, 0, 0, '2028-09-10 16:00:00', '2024-05-07 05:23:58', '2024-05-07 05:23:58'),
(4580, 9, 40, 39, NULL, NULL, 29, 0, 0, 0, 0, 0, 0, 0, 0, '2028-09-17 16:00:00', '2024-05-07 05:23:58', '2024-05-07 05:23:58'),
(4581, 9, 37, 47, NULL, NULL, 13, 0, 0, 0, 0, 0, 0, 0, 0, '2028-10-01 16:00:00', '2024-05-07 05:23:58', '2024-05-07 05:23:58'),
(4582, 9, 48, 46, NULL, NULL, 13, 0, 0, 0, 0, 0, 0, 0, 0, '2028-10-08 16:00:00', '2024-05-07 05:23:58', '2024-05-07 05:23:58'),
(4583, 9, 49, 45, NULL, NULL, 13, 0, 0, 0, 0, 0, 0, 0, 0, '2028-10-15 16:00:00', '2024-05-07 05:23:58', '2024-05-07 05:23:58'),
(4584, 9, 50, 44, NULL, NULL, 13, 0, 0, 0, 0, 0, 0, 0, 0, '2028-10-22 16:00:00', '2024-05-07 05:23:58', '2024-05-07 05:23:58'),
(4585, 9, 51, 43, NULL, NULL, 13, 0, 0, 0, 0, 0, 0, 0, 0, '2028-10-29 16:00:00', '2024-05-07 05:23:58', '2024-05-07 05:23:58'),
(4586, 9, 52, 42, NULL, NULL, 13, 0, 0, 0, 0, 0, 0, 0, 0, '2028-11-05 16:00:00', '2024-05-07 05:23:58', '2024-05-07 05:23:58'),
(4587, 9, 53, 41, NULL, NULL, 13, 0, 0, 0, 0, 0, 0, 0, 0, '2028-11-12 16:00:00', '2024-05-07 05:23:58', '2024-05-07 05:23:58'),
(4588, 9, 54, 40, NULL, NULL, 13, 0, 0, 0, 0, 0, 0, 0, 0, '2028-11-19 16:00:00', '2024-05-07 05:23:58', '2024-05-07 05:23:58'),
(4589, 9, 38, 39, NULL, NULL, 13, 0, 0, 0, 0, 0, 0, 0, 0, '2028-11-26 16:00:00', '2024-05-07 05:23:58', '2024-05-07 05:23:58'),
(4590, 9, 46, 37, NULL, NULL, 30, 0, 0, 0, 0, 0, 0, 0, 0, '2028-12-10 16:00:00', '2024-05-07 05:23:58', '2024-05-07 05:23:58'),
(4591, 9, 45, 47, NULL, NULL, 30, 0, 0, 0, 0, 0, 0, 0, 0, '2028-12-17 16:00:00', '2024-05-07 05:23:58', '2024-05-07 05:23:58'),
(4592, 9, 44, 48, NULL, NULL, 30, 0, 0, 0, 0, 0, 0, 0, 0, '2028-12-24 16:00:00', '2024-05-07 05:23:58', '2024-05-07 05:23:58'),
(4593, 9, 43, 49, NULL, NULL, 30, 0, 0, 0, 0, 0, 0, 0, 0, '2028-12-31 16:00:00', '2024-05-07 05:23:58', '2024-05-07 05:23:58'),
(4594, 9, 42, 50, NULL, NULL, 30, 0, 0, 0, 0, 0, 0, 0, 0, '2029-01-07 16:00:00', '2024-05-07 05:23:58', '2024-05-07 05:23:58'),
(4595, 9, 41, 51, NULL, NULL, 30, 0, 0, 0, 0, 0, 0, 0, 0, '2029-01-14 16:00:00', '2024-05-07 05:23:58', '2024-05-07 05:23:58'),
(4596, 9, 40, 52, NULL, NULL, 30, 0, 0, 0, 0, 0, 0, 0, 0, '2029-01-21 16:00:00', '2024-05-07 05:23:58', '2024-05-07 05:23:58'),
(4597, 9, 39, 53, NULL, NULL, 30, 0, 0, 0, 0, 0, 0, 0, 0, '2029-01-28 16:00:00', '2024-05-07 05:23:58', '2024-05-07 05:23:58'),
(4598, 9, 38, 54, NULL, NULL, 30, 0, 0, 0, 0, 0, 0, 0, 0, '2029-02-04 16:00:00', '2024-05-07 05:23:58', '2024-05-07 05:23:58'),
(4599, 9, 37, 45, NULL, NULL, 14, 0, 0, 0, 0, 0, 0, 0, 0, '2029-02-18 16:00:00', '2024-05-07 05:23:58', '2024-05-07 05:23:58'),
(4600, 9, 46, 44, NULL, NULL, 14, 0, 0, 0, 0, 0, 0, 0, 0, '2029-02-25 16:00:00', '2024-05-07 05:23:58', '2024-05-07 05:23:58'),
(4601, 9, 47, 43, NULL, NULL, 14, 0, 0, 0, 0, 0, 0, 0, 0, '2029-03-04 16:00:00', '2024-05-07 05:23:58', '2024-05-07 05:23:58'),
(4602, 9, 48, 42, NULL, NULL, 14, 0, 0, 0, 0, 0, 0, 0, 0, '2029-03-11 16:00:00', '2024-05-07 05:23:58', '2024-05-07 05:23:58'),
(4603, 9, 49, 41, NULL, NULL, 14, 0, 0, 0, 0, 0, 0, 0, 0, '2029-03-18 16:00:00', '2024-05-07 05:23:58', '2024-05-07 05:23:58'),
(4604, 9, 50, 40, NULL, NULL, 14, 0, 0, 0, 0, 0, 0, 0, 0, '2029-03-25 16:00:00', '2024-05-07 05:23:58', '2024-05-07 05:23:58'),
(4605, 9, 51, 39, NULL, NULL, 14, 0, 0, 0, 0, 0, 0, 0, 0, '2029-04-01 16:00:00', '2024-05-07 05:23:58', '2024-05-07 05:23:58'),
(4606, 9, 52, 38, NULL, NULL, 14, 0, 0, 0, 0, 0, 0, 0, 0, '2029-04-08 16:00:00', '2024-05-07 05:23:58', '2024-05-07 05:23:58'),
(4607, 9, 53, 54, NULL, NULL, 14, 0, 0, 0, 0, 0, 0, 0, 0, '2029-04-15 16:00:00', '2024-05-07 05:23:58', '2024-05-07 05:23:58'),
(4608, 9, 44, 37, NULL, NULL, 31, 0, 0, 0, 0, 0, 0, 0, 0, '2029-04-29 16:00:00', '2024-05-07 05:23:58', '2024-05-07 05:23:58'),
(4609, 9, 43, 45, NULL, NULL, 31, 0, 0, 0, 0, 0, 0, 0, 0, '2029-05-06 16:00:00', '2024-05-07 05:23:58', '2024-05-07 05:23:58'),
(4610, 9, 42, 46, NULL, NULL, 31, 0, 0, 0, 0, 0, 0, 0, 0, '2029-05-13 16:00:00', '2024-05-07 05:23:58', '2024-05-07 05:23:58'),
(4611, 9, 41, 47, NULL, NULL, 31, 0, 0, 0, 0, 0, 0, 0, 0, '2029-05-20 16:00:00', '2024-05-07 05:23:58', '2024-05-07 05:23:58'),
(4612, 9, 40, 48, NULL, NULL, 31, 0, 0, 0, 0, 0, 0, 0, 0, '2029-05-27 16:00:00', '2024-05-07 05:23:58', '2024-05-07 05:23:58'),
(4613, 9, 39, 49, NULL, NULL, 31, 0, 0, 0, 0, 0, 0, 0, 0, '2029-06-03 16:00:00', '2024-05-07 05:23:58', '2024-05-07 05:23:58'),
(4614, 9, 38, 50, NULL, NULL, 31, 0, 0, 0, 0, 0, 0, 0, 0, '2029-06-10 16:00:00', '2024-05-07 05:23:58', '2024-05-07 05:23:58'),
(4615, 9, 54, 51, NULL, NULL, 31, 0, 0, 0, 0, 0, 0, 0, 0, '2029-06-17 16:00:00', '2024-05-07 05:23:58', '2024-05-07 05:23:58'),
(4616, 9, 53, 52, NULL, NULL, 31, 0, 0, 0, 0, 0, 0, 0, 0, '2029-06-24 16:00:00', '2024-05-07 05:23:58', '2024-05-07 05:23:58'),
(4617, 9, 37, 43, NULL, NULL, 15, 0, 0, 0, 0, 0, 0, 0, 0, '2029-07-08 16:00:00', '2024-05-07 05:23:58', '2024-05-07 05:23:58'),
(4618, 9, 44, 42, NULL, NULL, 15, 0, 0, 0, 0, 0, 0, 0, 0, '2029-07-15 16:00:00', '2024-05-07 05:23:58', '2024-05-07 05:23:58'),
(4619, 9, 45, 41, NULL, NULL, 15, 0, 0, 0, 0, 0, 0, 0, 0, '2029-07-22 16:00:00', '2024-05-07 05:23:58', '2024-05-07 05:23:58'),
(4620, 9, 46, 40, NULL, NULL, 15, 0, 0, 0, 0, 0, 0, 0, 0, '2029-07-29 16:00:00', '2024-05-07 05:23:58', '2024-05-07 05:23:58'),
(4621, 9, 47, 39, NULL, NULL, 15, 0, 0, 0, 0, 0, 0, 0, 0, '2029-08-05 16:00:00', '2024-05-07 05:23:58', '2024-05-07 05:23:58'),
(4622, 9, 48, 38, NULL, NULL, 15, 0, 0, 0, 0, 0, 0, 0, 0, '2029-08-12 16:00:00', '2024-05-07 05:23:58', '2024-05-07 05:23:58'),
(4623, 9, 49, 54, NULL, NULL, 15, 0, 0, 0, 0, 0, 0, 0, 0, '2029-08-19 16:00:00', '2024-05-07 05:23:58', '2024-05-07 05:23:58'),
(4624, 9, 50, 53, NULL, NULL, 15, 0, 0, 0, 0, 0, 0, 0, 0, '2029-08-26 16:00:00', '2024-05-07 05:23:58', '2024-05-07 05:23:58'),
(4625, 9, 51, 52, NULL, NULL, 15, 0, 0, 0, 0, 0, 0, 0, 0, '2029-09-02 16:00:00', '2024-05-07 05:23:58', '2024-05-07 05:23:58'),
(4626, 9, 42, 37, NULL, NULL, 32, 0, 0, 0, 0, 0, 0, 0, 0, '2029-09-16 16:00:00', '2024-05-07 05:23:58', '2024-05-07 05:23:58'),
(4627, 9, 41, 43, NULL, NULL, 32, 0, 0, 0, 0, 0, 0, 0, 0, '2029-09-23 16:00:00', '2024-05-07 05:23:58', '2024-05-07 05:23:58'),
(4628, 9, 40, 44, NULL, NULL, 32, 0, 0, 0, 0, 0, 0, 0, 0, '2029-09-30 16:00:00', '2024-05-07 05:23:58', '2024-05-07 05:23:58'),
(4629, 9, 39, 45, NULL, NULL, 32, 0, 0, 0, 0, 0, 0, 0, 0, '2029-10-07 16:00:00', '2024-05-07 05:23:58', '2024-05-07 05:23:58'),
(4630, 9, 38, 46, NULL, NULL, 32, 0, 0, 0, 0, 0, 0, 0, 0, '2029-10-14 16:00:00', '2024-05-07 05:23:58', '2024-05-07 05:23:58'),
(4631, 9, 54, 47, NULL, NULL, 32, 0, 0, 0, 0, 0, 0, 0, 0, '2029-10-21 16:00:00', '2024-05-07 05:23:58', '2024-05-07 05:23:58'),
(4632, 9, 53, 48, NULL, NULL, 32, 0, 0, 0, 0, 0, 0, 0, 0, '2029-10-28 16:00:00', '2024-05-07 05:23:58', '2024-05-07 05:23:58'),
(4633, 9, 52, 49, NULL, NULL, 32, 0, 0, 0, 0, 0, 0, 0, 0, '2029-11-04 16:00:00', '2024-05-07 05:23:58', '2024-05-07 05:23:58'),
(4634, 9, 51, 50, NULL, NULL, 32, 0, 0, 0, 0, 0, 0, 0, 0, '2029-11-11 16:00:00', '2024-05-07 05:23:58', '2024-05-07 05:23:58'),
(4635, 9, 37, 41, NULL, NULL, 16, 0, 0, 0, 0, 0, 0, 0, 0, '2029-11-25 16:00:00', '2024-05-07 05:23:58', '2024-05-07 05:23:58'),
(4636, 9, 42, 40, NULL, NULL, 16, 0, 0, 0, 0, 0, 0, 0, 0, '2029-12-02 16:00:00', '2024-05-07 05:23:58', '2024-05-07 05:23:58'),
(4637, 9, 43, 39, NULL, NULL, 16, 0, 0, 0, 0, 0, 0, 0, 0, '2029-12-09 16:00:00', '2024-05-07 05:23:58', '2024-05-07 05:23:58'),
(4638, 9, 44, 38, NULL, NULL, 16, 0, 0, 0, 0, 0, 0, 0, 0, '2029-12-16 16:00:00', '2024-05-07 05:23:58', '2024-05-07 05:23:58'),
(4639, 9, 45, 54, NULL, NULL, 16, 0, 0, 0, 0, 0, 0, 0, 0, '2029-12-23 16:00:00', '2024-05-07 05:23:58', '2024-05-07 05:23:58'),
(4640, 9, 46, 53, NULL, NULL, 16, 0, 0, 0, 0, 0, 0, 0, 0, '2029-12-30 16:00:00', '2024-05-07 05:23:58', '2024-05-07 05:23:58'),
(4641, 9, 47, 52, NULL, NULL, 16, 0, 0, 0, 0, 0, 0, 0, 0, '2030-01-06 16:00:00', '2024-05-07 05:23:58', '2024-05-07 05:23:58'),
(4642, 9, 48, 51, NULL, NULL, 16, 0, 0, 0, 0, 0, 0, 0, 0, '2030-01-13 16:00:00', '2024-05-07 05:23:58', '2024-05-07 05:23:58'),
(4643, 9, 49, 50, NULL, NULL, 16, 0, 0, 0, 0, 0, 0, 0, 0, '2030-01-20 16:00:00', '2024-05-07 05:23:58', '2024-05-07 05:23:58'),
(4644, 9, 40, 37, NULL, NULL, 33, 0, 0, 0, 0, 0, 0, 0, 0, '2030-02-03 16:00:00', '2024-05-07 05:23:58', '2024-05-07 05:23:58'),
(4645, 9, 39, 41, NULL, NULL, 33, 0, 0, 0, 0, 0, 0, 0, 0, '2030-02-10 16:00:00', '2024-05-07 05:23:58', '2024-05-07 05:23:58'),
(4646, 9, 38, 42, NULL, NULL, 33, 0, 0, 0, 0, 0, 0, 0, 0, '2030-02-17 16:00:00', '2024-05-07 05:23:58', '2024-05-07 05:23:58'),
(4647, 9, 54, 43, NULL, NULL, 33, 0, 0, 0, 0, 0, 0, 0, 0, '2030-02-24 16:00:00', '2024-05-07 05:23:58', '2024-05-07 05:23:58'),
(4648, 9, 53, 44, NULL, NULL, 33, 0, 0, 0, 0, 0, 0, 0, 0, '2030-03-03 16:00:00', '2024-05-07 05:23:58', '2024-05-07 05:23:58'),
(4649, 9, 52, 45, NULL, NULL, 33, 0, 0, 0, 0, 0, 0, 0, 0, '2030-03-10 16:00:00', '2024-05-07 05:23:58', '2024-05-07 05:23:58'),
(4650, 9, 51, 46, NULL, NULL, 33, 0, 0, 0, 0, 0, 0, 0, 0, '2030-03-17 16:00:00', '2024-05-07 05:23:58', '2024-05-07 05:23:58'),
(4651, 9, 50, 47, NULL, NULL, 33, 0, 0, 0, 0, 0, 0, 0, 0, '2030-03-24 16:00:00', '2024-05-07 05:23:58', '2024-05-07 05:23:58'),
(4652, 9, 49, 48, NULL, NULL, 33, 0, 0, 0, 0, 0, 0, 0, 0, '2030-03-31 16:00:00', '2024-05-07 05:23:58', '2024-05-07 05:23:58'),
(4653, 9, 37, 39, NULL, NULL, 17, 0, 0, 0, 0, 0, 0, 0, 0, '2030-04-14 16:00:00', '2024-05-07 05:23:58', '2024-05-07 05:23:58'),
(4654, 9, 40, 38, NULL, NULL, 17, 0, 0, 0, 0, 0, 0, 0, 0, '2030-04-21 16:00:00', '2024-05-07 05:23:58', '2024-05-07 05:23:58'),
(4655, 9, 41, 54, NULL, NULL, 17, 0, 0, 0, 0, 0, 0, 0, 0, '2030-04-28 16:00:00', '2024-05-07 05:23:58', '2024-05-07 05:23:58'),
(4656, 9, 42, 53, NULL, NULL, 17, 0, 0, 0, 0, 0, 0, 0, 0, '2030-05-05 16:00:00', '2024-05-07 05:23:58', '2024-05-07 05:23:58'),
(4657, 9, 43, 52, NULL, NULL, 17, 0, 0, 0, 0, 0, 0, 0, 0, '2030-05-12 16:00:00', '2024-05-07 05:23:58', '2024-05-07 05:23:58'),
(4658, 9, 44, 51, NULL, NULL, 17, 0, 0, 0, 0, 0, 0, 0, 0, '2030-05-19 16:00:00', '2024-05-07 05:23:58', '2024-05-07 05:23:58'),
(4659, 9, 45, 50, NULL, NULL, 17, 0, 0, 0, 0, 0, 0, 0, 0, '2030-05-26 16:00:00', '2024-05-07 05:23:58', '2024-05-07 05:23:58'),
(4660, 9, 46, 49, NULL, NULL, 17, 0, 0, 0, 0, 0, 0, 0, 0, '2030-06-02 16:00:00', '2024-05-07 05:23:58', '2024-05-07 05:23:58'),
(4661, 9, 47, 48, NULL, NULL, 17, 0, 0, 0, 0, 0, 0, 0, 0, '2030-06-09 16:00:00', '2024-05-07 05:23:58', '2024-05-07 05:23:58'),
(4662, 9, 38, 37, NULL, NULL, 34, 0, 0, 0, 0, 0, 0, 0, 0, '2030-06-23 16:00:00', '2024-05-07 05:23:58', '2024-05-07 05:23:58'),
(4663, 9, 54, 39, NULL, NULL, 34, 0, 0, 0, 0, 0, 0, 0, 0, '2030-06-30 16:00:00', '2024-05-07 05:23:58', '2024-05-07 05:23:58'),
(4664, 9, 53, 40, NULL, NULL, 34, 0, 0, 0, 0, 0, 0, 0, 0, '2030-07-07 16:00:00', '2024-05-07 05:23:58', '2024-05-07 05:23:58'),
(4665, 9, 52, 41, NULL, NULL, 34, 0, 0, 0, 0, 0, 0, 0, 0, '2030-07-14 16:00:00', '2024-05-07 05:23:58', '2024-05-07 05:23:58'),
(4666, 9, 51, 42, NULL, NULL, 34, 0, 0, 0, 0, 0, 0, 0, 0, '2030-07-21 16:00:00', '2024-05-07 05:23:58', '2024-05-07 05:23:58'),
(4667, 9, 50, 43, NULL, NULL, 34, 0, 0, 0, 0, 0, 0, 0, 0, '2030-07-28 16:00:00', '2024-05-07 05:23:58', '2024-05-07 05:23:58'),
(4668, 9, 49, 44, NULL, NULL, 34, 0, 0, 0, 0, 0, 0, 0, 0, '2030-08-04 16:00:00', '2024-05-07 05:23:58', '2024-05-07 05:23:58'),
(4669, 9, 48, 45, NULL, NULL, 34, 0, 0, 0, 0, 0, 0, 0, 0, '2030-08-11 16:00:00', '2024-05-07 05:23:58', '2024-05-07 05:23:58'),
(4670, 9, 47, 46, NULL, NULL, 34, 0, 0, 0, 0, 0, 0, 0, 0, '2030-08-18 16:00:00', '2024-05-07 05:23:58', '2024-05-07 05:23:58');

-- --------------------------------------------------------

--
-- Table structure for table `tim`
--

CREATE TABLE `tim` (
  `id` int(11) NOT NULL,
  `id_turnamenFK` int(11) DEFAULT NULL,
  `nama_tim` varchar(45) DEFAULT NULL,
  `stadion` varchar(45) DEFAULT NULL,
  `gambar` text DEFAULT NULL,
  `updated_at` timestamp NULL DEFAULT NULL,
  `created_at` timestamp NULL DEFAULT NULL
) ENGINE=InnoDB DEFAULT CHARSET=utf8mb4 COLLATE=utf8mb4_general_ci;

--
-- Dumping data for table `tim`
--

INSERT INTO `tim` (`id`, `id_turnamenFK`, `nama_tim`, `stadion`, `gambar`, `updated_at`, `created_at`) VALUES
(24, 5, 'Pule Fc', 'Santiago Berdebu', '1714415149.png', '2024-04-30 19:38:49', '2024-04-25 08:10:10'),
(25, 5, 'Longkangsari FC', 'Camping Nou', NULL, '2024-04-25 08:10:27', '2024-04-25 08:10:27'),
(26, 5, 'Marekan City', 'Inihad Stadium', NULL, '2024-04-25 08:10:45', '2024-04-25 08:10:45'),
(37, 9, 'Borneo', 'Borneo', NULL, '2024-04-28 05:48:00', '2024-04-28 05:48:00'),
(38, 9, 'Persib', 'Si Jalak Harupat', NULL, '2024-04-28 05:48:13', '2024-04-28 05:48:13'),
(39, 9, 'Bali United', 'I wayan Dipta', NULL, '2024-04-28 05:48:25', '2024-04-28 05:48:25'),
(40, 9, 'Madura United', 'Madura', NULL, '2024-04-28 05:48:34', '2024-04-28 05:48:34'),
(41, 9, 'PSIS Sermarang', 'Semarang', NULL, '2024-04-28 05:48:46', '2024-04-28 05:48:46'),
(42, 9, 'Dewa United', 'Dewa', NULL, '2024-04-28 05:48:54', '2024-04-28 05:48:54'),
(43, 9, 'Persik', 'Kediri', NULL, '2024-04-28 05:49:03', '2024-04-28 05:49:03'),
(44, 9, 'Persis', 'Manahan Solo', NULL, '2024-04-28 05:49:11', '2024-04-28 05:49:11'),
(45, 9, 'Persija', 'Gelora Bung Karno', NULL, '2024-04-28 05:49:22', '2024-04-28 05:49:22'),
(46, 9, 'Barito Putera', 'Barito', NULL, '2024-04-28 05:49:35', '2024-04-28 05:49:35'),
(47, 9, 'Persebaya', 'Gelora Bung Tomo', NULL, '2024-04-28 05:49:46', '2024-04-28 05:49:46'),
(48, 9, 'PSM', 'Makassar', NULL, '2024-04-28 05:49:55', '2024-04-28 05:49:55'),
(49, 9, 'Arema', 'Kanjuruhan', NULL, '2024-04-28 05:50:05', '2024-04-28 05:50:05'),
(50, 9, 'PSS Sleman', 'Mangguwoharjo', NULL, '2024-04-28 05:50:22', '2024-04-28 05:50:22'),
(51, 9, 'Persita', 'Tangerang', NULL, '2024-04-28 05:50:32', '2024-04-28 05:50:32'),
(52, 9, 'RANS Nusantara', 'Andara', NULL, '2024-04-28 05:50:41', '2024-04-28 05:50:41'),
(53, 9, 'Bhayangkara', 'Polisi', NULL, '2024-04-28 05:50:53', '2024-04-28 05:50:53'),
(54, 9, 'Persikabo', 'Bojonegoro', NULL, '2024-04-28 05:51:03', '2024-04-28 05:51:03'),
(56, 10, 'Pule Fc', 'Pule Stadiun', NULL, '2024-04-29 00:54:09', '2024-04-29 00:54:09'),
(57, 10, 'Saragan FC', 'Santiago Berdebu', NULL, '2024-04-29 00:54:35', '2024-04-29 00:54:35'),
(58, 10, 'Longkangsari FC', 'Camping nou', NULL, '2024-04-29 00:54:41', '2024-04-29 00:54:41'),
(62, 5, 'SC Saragan Heereven', 'Anfiled', '1714531226.jpg', '2024-04-30 20:05:08', '2024-04-30 19:40:26'),
(64, 5, 'Krompakan FC', 'Selepan', NULL, '2024-04-30 20:09:05', '2024-04-30 20:09:05'),
(72, 13, 'Indonesia', 'Gelora Bung Karno', NULL, '2024-05-01 01:10:35', '2024-05-01 01:10:35'),
(73, 13, 'Malaysia', 'Stadion Bukit Jalil', NULL, '2024-05-01 01:11:25', '2024-05-01 01:11:25'),
(74, 13, 'Thailand', 'Stadion Thailand', NULL, '2024-05-01 01:12:09', '2024-05-01 01:12:09'),
(75, 15, 'Real Madrid FC', 'Santiago Bernabeu', NULL, '2024-05-07 04:47:15', '2024-05-07 04:47:15'),
(76, 15, 'Barcelona', 'Camp Nou', NULL, '2024-05-07 04:47:22', '2024-05-07 04:47:22'),
(77, 15, 'Atletico Madrid', 'Santiago Berdebu', NULL, '2024-05-07 04:47:32', '2024-05-07 04:47:32');

-- --------------------------------------------------------

--
-- Table structure for table `turnamen`
--

CREATE TABLE `turnamen` (
  `id` int(11) NOT NULL,
  `id_users` bigint(20) UNSIGNED DEFAULT NULL,
  `nama_turnamen` varchar(255) DEFAULT NULL,
  `updated_at` timestamp NULL DEFAULT current_timestamp(),
  `created_at` timestamp NULL DEFAULT current_timestamp()
) ENGINE=InnoDB DEFAULT CHARSET=utf8mb4 COLLATE=utf8mb4_general_ci;

--
-- Dumping data for table `turnamen`
--

INSERT INTO `turnamen` (`id`, `id_users`, `nama_turnamen`, `updated_at`, `created_at`) VALUES
(5, NULL, 'Wonogiri Liga', '2024-04-25 08:09:52', '2024-04-25 08:09:52'),
(9, 11, 'Liga 1 BRI', '2024-04-28 05:44:13', '2024-04-28 05:44:13'),
(10, NULL, 'Liga Liga an', '2024-04-29 00:53:56', '2024-04-29 00:53:56'),
(13, 11, 'AFC', '2024-05-01 22:22:53', '2024-04-30 23:22:53'),
(14, 13, 'Liga Spanyol', '2024-04-30 23:32:10', '2024-04-30 23:32:10'),
(15, 11, 'La Liga', '2024-05-07 04:46:59', '2024-05-07 04:46:59'),
(16, 11, 'Pule Tur', '2024-05-27 05:09:03', '2024-05-27 05:09:03');

-- --------------------------------------------------------

--
-- Table structure for table `users`
--

CREATE TABLE `users` (
  `id` bigint(20) UNSIGNED NOT NULL,
  `fullname` varchar(255) NOT NULL,
  `email` varchar(255) NOT NULL,
  `email_verified_at` timestamp NULL DEFAULT NULL,
  `password` varchar(255) NOT NULL,
  `role` enum('admin','user') NOT NULL DEFAULT 'user',
  `gambar` text DEFAULT NULL,
  `verify_key` text DEFAULT NULL,
  `remember_token` varchar(100) DEFAULT NULL,
  `created_at` timestamp NULL DEFAULT NULL,
  `updated_at` timestamp NULL DEFAULT NULL
) ENGINE=InnoDB DEFAULT CHARSET=utf8mb4 COLLATE=utf8mb4_unicode_ci;

--
-- Dumping data for table `users`
--

INSERT INTO `users` (`id`, `fullname`, `email`, `email_verified_at`, `password`, `role`, `gambar`, `verify_key`, `remember_token`, `created_at`, `updated_at`) VALUES
(10, 'Yudha', 'arfianyudha66@gmail.com', '2024-04-30 07:19:26', '$2y$12$l4ta9RmeNSVue6cYRbLkfOm9bD0eIYttZCRsV21/IZriN/lG0vS4e', 'admin', '240430021900.jpg', 'DWdTw9Tzhj1XHxgar8IVBmpkhuQ6YU0C9CzxD0b9rrI4htByRN5gOAGKmGiD34P8kyGHjH1oeAwGhXJNuCPZhH9UIFygNYMmc0kt', NULL, '2024-04-30 07:19:00', '2024-04-30 07:19:26'),
(11, 'Arfian Yudha', 'arfianyudha07@gmail.com', '2024-04-30 07:20:13', '$2y$12$H24Q37JyFl2GtqyeSxO6L.3KJpMJM3fPcapQau1nqgY/GW8pyAyqS', 'user', '240716012141.png', 'OSn0Qf4awc6zNlnt0zaMp7RFulNE7Wt6f9yIC7zrESDXJN6QmiSMullh9ayGSlxIw5488SDuuhTk2Xw8mrFgsZLSjDv4tqq0ZL56', NULL, '2024-04-30 07:19:46', '2024-07-16 06:21:41'),
(13, 'honkai', 'honkaireroll66@gmail.com', '2024-05-01 06:31:39', '$2y$12$4o9STlS0B5WGMjl2MGv95.Iy/aGacfNIxFoPAmPTtmWoCehlJUt/q', 'user', NULL, 'UgSJihgSdViwkTumeAGTTEJ0D9806l5I2uVt9JUC7celDXo1SpgN2EWubyhJSZ2FFTORMLsI2A4KNe1h2QIfXgmzsfMSowksabEf', NULL, '2024-04-30 23:31:30', '2024-04-30 23:31:30');

--
-- Indexes for dumped tables
--

--
-- Indexes for table `failed_jobs`
--
ALTER TABLE `failed_jobs`
  ADD PRIMARY KEY (`id`),
  ADD UNIQUE KEY `failed_jobs_uuid_unique` (`uuid`);

--
-- Indexes for table `klasemen`
--
ALTER TABLE `klasemen`
  ADD PRIMARY KEY (`id`),
  ADD KEY `id_timFK` (`id_timFK`),
  ADD KEY `id_turnamenKlas` (`id_turnamenFK`);

--
-- Indexes for table `migrations`
--
ALTER TABLE `migrations`
  ADD PRIMARY KEY (`id`);

--
-- Indexes for table `password_reset_tokens`
--
ALTER TABLE `password_reset_tokens`
  ADD PRIMARY KEY (`email`);

--
-- Indexes for table `personal_access_tokens`
--
ALTER TABLE `personal_access_tokens`
  ADD PRIMARY KEY (`id`),
  ADD UNIQUE KEY `personal_access_tokens_token_unique` (`token`),
  ADD KEY `personal_access_tokens_tokenable_type_tokenable_id_index` (`tokenable_type`,`tokenable_id`);

--
-- Indexes for table `schedules`
--
ALTER TABLE `schedules`
  ADD PRIMARY KEY (`id`),
  ADD KEY `home_teamFK` (`home_team`),
  ADD KEY `away_teamFK` (`away_team`),
  ADD KEY `id_turnamenSch` (`id_turnamenFK`);

--
-- Indexes for table `tim`
--
ALTER TABLE `tim`
  ADD PRIMARY KEY (`id`),
  ADD KEY `id_turnamenFK` (`id_turnamenFK`);

--
-- Indexes for table `turnamen`
--
ALTER TABLE `turnamen`
  ADD PRIMARY KEY (`id`),
  ADD KEY `id_usersFK` (`id_users`);

--
-- Indexes for table `users`
--
ALTER TABLE `users`
  ADD PRIMARY KEY (`id`),
  ADD UNIQUE KEY `users_email_unique` (`email`);

--
-- AUTO_INCREMENT for dumped tables
--

--
-- AUTO_INCREMENT for table `failed_jobs`
--
ALTER TABLE `failed_jobs`
  MODIFY `id` bigint(20) UNSIGNED NOT NULL AUTO_INCREMENT;

--
-- AUTO_INCREMENT for table `klasemen`
--
ALTER TABLE `klasemen`
  MODIFY `id` int(11) NOT NULL AUTO_INCREMENT, AUTO_INCREMENT=127;

--
-- AUTO_INCREMENT for table `migrations`
--
ALTER TABLE `migrations`
  MODIFY `id` int(10) UNSIGNED NOT NULL AUTO_INCREMENT, AUTO_INCREMENT=6;

--
-- AUTO_INCREMENT for table `personal_access_tokens`
--
ALTER TABLE `personal_access_tokens`
  MODIFY `id` bigint(20) UNSIGNED NOT NULL AUTO_INCREMENT;

--
-- AUTO_INCREMENT for table `schedules`
--
ALTER TABLE `schedules`
  MODIFY `id` bigint(20) UNSIGNED NOT NULL AUTO_INCREMENT, AUTO_INCREMENT=4671;

--
-- AUTO_INCREMENT for table `tim`
--
ALTER TABLE `tim`
  MODIFY `id` int(11) NOT NULL AUTO_INCREMENT, AUTO_INCREMENT=78;

--
-- AUTO_INCREMENT for table `turnamen`
--
ALTER TABLE `turnamen`
  MODIFY `id` int(11) NOT NULL AUTO_INCREMENT, AUTO_INCREMENT=17;

--
-- AUTO_INCREMENT for table `users`
--
ALTER TABLE `users`
  MODIFY `id` bigint(20) UNSIGNED NOT NULL AUTO_INCREMENT, AUTO_INCREMENT=14;

--
-- Constraints for dumped tables
--

--
-- Constraints for table `klasemen`
--
ALTER TABLE `klasemen`
  ADD CONSTRAINT `id_timFK` FOREIGN KEY (`id_timFK`) REFERENCES `tim` (`id`) ON DELETE CASCADE ON UPDATE CASCADE,
  ADD CONSTRAINT `id_turnamenKlas` FOREIGN KEY (`id_turnamenFK`) REFERENCES `turnamen` (`id`) ON DELETE CASCADE ON UPDATE CASCADE;

--
-- Constraints for table `schedules`
--
ALTER TABLE `schedules`
  ADD CONSTRAINT `away_teamFK` FOREIGN KEY (`away_team`) REFERENCES `tim` (`id`) ON DELETE CASCADE ON UPDATE CASCADE,
  ADD CONSTRAINT `home_teamFK` FOREIGN KEY (`home_team`) REFERENCES `tim` (`id`) ON DELETE CASCADE ON UPDATE CASCADE,
  ADD CONSTRAINT `id_turnamenSch` FOREIGN KEY (`id_turnamenFK`) REFERENCES `turnamen` (`id`) ON DELETE CASCADE ON UPDATE CASCADE;

--
-- Constraints for table `tim`
--
ALTER TABLE `tim`
  ADD CONSTRAINT `id_turnamenFK` FOREIGN KEY (`id_turnamenFK`) REFERENCES `turnamen` (`id`) ON DELETE CASCADE ON UPDATE CASCADE;

--
-- Constraints for table `turnamen`
--
ALTER TABLE `turnamen`
  ADD CONSTRAINT `id_usersFK` FOREIGN KEY (`id_users`) REFERENCES `users` (`id`) ON DELETE CASCADE ON UPDATE CASCADE;
COMMIT;

/*!40101 SET CHARACTER_SET_CLIENT=@OLD_CHARACTER_SET_CLIENT */;
/*!40101 SET CHARACTER_SET_RESULTS=@OLD_CHARACTER_SET_RESULTS */;
/*!40101 SET COLLATION_CONNECTION=@OLD_COLLATION_CONNECTION */;
